acceleration,a_hat,action,penalty,force_norm,angles
"[0.0, 0.0, 0.049999999999999996]","[-0.011482912958009224, 0.02519185542992242, -0.15638549794551218]",2.8181818181818183,0.6706396186589547,22.330169819512477,[-0.00260957 -0.00118949  0.        ]
"[0.0, 0.049999999999999996, 0.0]","[-0.013712789535704687, 0.01493180142948967, -0.14590711470432177]",2.8181818181818183,5.81838216093384,22.354365052925395,[-0.00154508 -0.00141894  0.        ]
"[-0.049999999999999996, 0.0, 0.049999999999999996]","[-0.015223531125471626, 0.015872287881306204, -0.17632821745527574]",1.2222222222222223,25.344224722834152,22.284005929170032,[-0.00164758 -0.00158024  0.        ]
"[0.0, 0.0, 0.0]","[-0.003013685299071726, 0.015034631676108114, -0.21251517259299804]",1.2222222222222223,1.9783333622902686,22.200271015498693,[-0.00156652 -0.00031401  0.        ]
