time,throttle,x
1.239776611328125e-05,0.949999988079071,"[-1.5470281839370728, 0.4666646122932434, 2.266294479370117, 0.09277996949612342, 0.007512999146986566, 0.4993644856824069]"
0.008816719055175781,0.949999988079071,"[-1.5470281839370728, 0.4666646122932434, 2.266294479370117, 0.09610471689728466, 0.0047523542112960756, 0.48921874541411065]"
